{
  "name": "",
  "version": "1.0.0",
  "requires": [
    "w320dp"
  ],
  "experiences": [
    {
      "vumark": "",
      "experienceType": "vumark",
      "id": 1,
      "index-keys": [],
      "title": {
        "en": "COE_WidgetTemplate"
      },
      "description": {
        "en": "",
        "en-US": ""
      },
      "requires": [
        "AR-tracking"
      ],
      "tags": [],
      "icon": "",
      "viewName": "Home",
      "url-template": "index.html?expId=1",
      "entryPoint": "index.html?expId=1",
      "thumbnail": ""
    }
  ],
  "widgetsUsage": [
    {
      "timestamp": "2023-02-27T22:18:21.785Z",
      "action": "LATEST_SAVE",
      "usage": {
        "twx-view": 1,
        "twx-dt-view": 1,
        "twx-widgetcoe": 1,
        "twx-dt-image": 1,
        "twx-dt-3dleaderline": 1,
        "twx-dt-model": 1,
        "twx-overlay": 1,
        "twx-overlay-container": 5,
        "twx-gridlayout": 1,
        "twx-row": 1,
        "twx-col": 2,
        "twx-text-input": 1,
        "twx-button": 1,
        "twx-overlay-body": 1
      }
    }
  ],
  "accessType": "private",
  "designedfor": []
}
