{
  "name": "HoloensRegisterWidgets",
  "version": "1.0.0",
  "requires": [
    "holographic",
    "spatial-tracking"
  ],
  "experiences": [
    {
      "vumark": "",
      "experienceType": "none",
      "id": 1,
      "index-keys": [],
      "title": {
        "en": "HoloensWorkOrders"
      },
      "description": {
        "en": "",
        "en-US": ""
      },
      "requires": [
        "AR-tracking"
      ],
      "tags": [],
      "icon": "",
      "viewName": "Home",
      "url-template": "index.html?expId=1",
      "entryPoint": "index.html?expId=1",
      "thumbnail": "",
      "thingTemplateName": ""
    }
  ],
  "accessType": "public",
  "widgetsUsage": [
    {
      "timestamp": "2024-02-06T21:53:22.045Z",
      "action": "PUBLISH",
      "usage": {
        "twx-view": 1,
        "twx-dt-view": 1,
        "twx-dt-target-spatial": 1,
        "twx-widgetcoe": 1
      }
    },
    {
      "timestamp": "2024-02-06T21:59:42.774Z",
      "action": "PUBLISH",
      "usage": {
        "twx-view": 1,
        "twx-dt-view": 1,
        "twx-dt-target-spatial": 1,
        "twx-widgetcoe": 1
      }
    },
    {
      "timestamp": "2024-02-06T22:01:52.024Z",
      "action": "PUBLISH",
      "usage": {
        "twx-view": 1,
        "twx-dt-view": 1,
        "twx-dt-target-spatial": 1,
        "twx-widgetcoe": 1
      }
    },
    {
      "timestamp": "2024-02-06T22:05:34.366Z",
      "action": "PUBLISH",
      "usage": {
        "twx-view": 1,
        "twx-dt-view": 1,
        "twx-dt-target-spatial": 1,
        "twx-widgetcoe": 1,
        "twx-dt-3dbutton": 1
      }
    },
    {
      "timestamp": "2024-02-06T22:18:20.618Z",
      "action": "PUBLISH",
      "usage": {
        "twx-view": 1,
        "twx-dt-view": 1,
        "twx-dt-target-spatial": 1,
        "twx-widgetcoe": 1,
        "twx-dt-3dbutton": 1
      }
    },
    {
      "timestamp": "2024-02-06T22:29:47.995Z",
      "action": "PUBLISH",
      "usage": {
        "twx-view": 1,
        "twx-dt-view": 1,
        "twx-dt-target-spatial": 1,
        "twx-widgetcoe": 1,
        "twx-dt-3dbutton": 1
      }
    },
    {
      "timestamp": "2024-02-06T22:41:43.728Z",
      "action": "PUBLISH",
      "usage": {
        "twx-view": 1,
        "twx-dt-view": 1,
        "twx-dt-target-spatial": 1,
        "twx-widgetcoe": 1,
        "twx-dt-3dbutton": 1
      }
    },
    {
      "timestamp": "2024-02-06T22:41:58.042Z",
      "action": "PUBLISH",
      "usage": {
        "twx-view": 1,
        "twx-dt-view": 1,
        "twx-dt-target-spatial": 1,
        "twx-widgetcoe": 1,
        "twx-dt-3dbutton": 1
      }
    },
    {
      "timestamp": "2024-02-06T22:52:36.609Z",
      "action": "PUBLISH",
      "usage": {
        "twx-view": 1,
        "twx-dt-view": 1,
        "twx-dt-target-spatial": 1,
        "twx-widgetcoe": 1,
        "twx-dt-3dbutton": 1
      }
    },
    {
      "timestamp": "2024-02-06T22:58:55.370Z",
      "action": "PUBLISH",
      "usage": {
        "twx-view": 1,
        "twx-dt-view": 1,
        "twx-dt-target-spatial": 1,
        "twx-widgetcoe": 1,
        "twx-dt-3dbutton": 1
      }
    },
    {
      "timestamp": "2024-02-06T23:35:09.816Z",
      "action": "PUBLISH",
      "usage": {
        "twx-view": 1,
        "twx-dt-view": 1,
        "twx-dt-target-spatial": 1,
        "twx-widgetcoe": 1,
        "twx-dt-3dbutton": 1,
        "twx-dt-model": 1
      }
    },
    {
      "timestamp": "2024-04-19T16:08:53.426Z",
      "action": "LATEST_SAVE",
      "usage": {
        "twx-view": 1,
        "twx-dt-view": 1,
        "twx-dt-target-spatial": 1,
        "twx-widgetcoe": 1,
        "twx-dt-3dbutton": 1,
        "twx-dt-model": 1
      }
    }
  ],
  "designedfor": [],
  "resources": [
    "app-runtime.js",
    "appConfig.json",
    "index-desktop.html",
    "index.html",
    "vumark.dat",
    "vumark.xml",
    "app/app.js",
    "css/app-preview.css",
    "css/app-runtime-base.css",
    "css/app-theme.css",
    "css/app.css",
    "css/ionic-dark.css",
    "css/ionic.css",
    "css/ionic.min.css",
    "css/system-widget-extensions.css",
    "css/themePreviewBase.css",
    "extensions/bundle-es6.min.js",
    "extensions/linq.js",
    "extensions/Metadata.js",
    "extensions/Structure.js",
    "extensions/twx-runtime-resource.js",
    "fonts/glyphicons-halflings-regular.eot",
    "fonts/glyphicons-halflings-regular.svg",
    "fonts/glyphicons-halflings-regular.ttf",
    "fonts/glyphicons-halflings-regular.woff",
    "fonts/glyphicons-halflings-regular.woff2",
    "fonts/ionicons.eot",
    "fonts/ionicons.svg",
    "fonts/ionicons.ttf",
    "fonts/ionicons.woff",
    "img/close_bracket.png",
    "img/iconClose.svg",
    "img/open_bracket.png",
    "img/recognised.png",
    "img/recognised2.png",
    "img/recognisedSquare.png",
    "img/wayfinder_arrow.png",
    "img/wayfinder_center.png",
    "img/wayfinder_circle.png",
    "img/wayfinder_frame.png",
    "img/wayfinder_icon.png",
    "img/waypoint_placeholder.svg",
    "lib/http-auth-interceptor.js",
    "lib/twx-client-core-all.js",
    "lib/twx-connector.js",
    "lib/uuid.js",
    "WEB-INF/metadata.json",
    "_builder/app.js.template",
    "_builder/directive.js.template",
    "_builder/index-bootstrap.html.template",
    "_builder/index_sidemenu_nav.html.template",
    "app/components/Home-grammar.xml",
    "app/components/Home.html",
    "app/components/Home.js",
    "app/components/Home.json",
    "extensions/images/widgetcoe_back.png",
    "extensions/images/widgetcoe_expand.png",
    "extensions/images/widgetcoe_next.png",
    "extensions/js/animation.js",
    "extensions/js/ARPlayerAnimationAdapter.js",
    "extensions/js/ARScene.js",
    "extensions/js/cssparser.js",
    "extensions/js/effectShaderCollection.js",
    "extensions/js/effectUtils.js",
    "extensions/js/gridjs.production.min.js",
    "extensions/js/libthingview_wasm.js",
    "extensions/js/matrix.js",
    "extensions/js/sequence.js",
    "extensions/js/thingview.js",
    "extensions/js/three.min.js",
    "extensions/js/Tween.js",
    "extensions/js/twx-mobile-widgets-3d-ng.js",
    "extensions/js/vuforia-angular.js",
    "extensions/js/widget3dUtils.js",
    "extensions/js/widgetcoe-ng.js",
    "extensions/js/widgetcoe.js",
    "extensions/js/widgetcreator.js",
    "lib/cdn/ionic.bundle.min.js",
    "lib/cdn/lodash.min.js",
    "lib/cdn/ng-cordova.min.js",
    "lib/ionic/version.json",
    "app/resources/Default/3DVideoPlay.png",
    "app/resources/Default/3D_Document_Page_Down.png",
    "app/resources/Default/3D_Document_Page_Up.png",
    "app/resources/Default/3D_Document_Scroll_To_Top.png",
    "app/resources/Default/3D_Panel_Pin.png",
    "app/resources/Default/3D_Panel_Unpin.png",
    "app/resources/Default/3D_Video_Pause.png",
    "app/resources/Default/3D_Video_Play.png",
    "app/resources/Default/3D_Video_Skip_Ahead.png",
    "app/resources/Default/3D_Video_Skip_Back.png",
    "app/resources/Default/3D_Video_Stop.png",
    "app/resources/Default/checkOff.png",
    "app/resources/Default/checkOn.png",
    "app/resources/Default/doubletap.svg",
    "app/resources/Default/hold.svg",
    "app/resources/Default/holoPlate.pvz",
    "app/resources/Default/square.png",
    "app/resources/Default/swipeback.svg",
    "app/resources/Default/swipeforward.svg",
    "app/resources/Default/swipeleft.svg",
    "app/resources/Default/swiperight.svg",
    "app/resources/Default/swipeup.svg",
    "app/resources/Default/thing_code.png",
    "app/resources/Default/thing_code_alpha_mask.png",
    "app/resources/Default/thing_code_phantom.png",
    "app/resources/Default/toggleMissing.png",
    "app/resources/Default/toggleOff.png",
    "app/resources/Default/toggleOn.png",
    "app/resources/Default/twLogo.png",
    "app/resources/Default/vu_alert1.svg",
    "app/resources/Default/vu_alert2.svg",
    "app/resources/Default/vu_alert3.svg",
    "app/resources/Default/vu_bar-graph.svg",
    "app/resources/Default/vu_battery-car.svg",
    "app/resources/Default/vu_battery.svg",
    "app/resources/Default/vu_brake-fluid.svg",
    "app/resources/Default/vu_electrical-bolt.svg",
    "app/resources/Default/vu_flag.svg",
    "app/resources/Default/vu_flame.svg",
    "app/resources/Default/vu_fuel-pump.svg",
    "app/resources/Default/vu_gauge1.svg",
    "app/resources/Default/vu_gauge2.svg",
    "app/resources/Default/vu_gauge3.svg",
    "app/resources/Default/vu_gauge4.svg",
    "app/resources/Default/vu_gauge5.svg",
    "app/resources/Default/vu_gauge6.svg",
    "app/resources/Default/vu_info.svg",
    "app/resources/Default/vu_lightbulb.svg",
    "app/resources/Default/vu_oil.svg",
    "app/resources/Default/vu_on-off.svg",
    "app/resources/Default/vu_seq_next.svg",
    "app/resources/Default/vu_seq_pause.svg",
    "app/resources/Default/vu_seq_play.svg",
    "app/resources/Default/vu_seq_previous.svg",
    "app/resources/Default/vu_seq_reset.svg",
    "app/resources/Default/vu_seq_stop.svg",
    "app/resources/Default/vu_sinewave.svg",
    "app/resources/Default/vu_stopwatch.svg",
    "app/resources/Default/vu_thermometer.svg",
    "app/resources/Default/vu_water.svg",
    "app/resources/Default/vu_weightscale.svg",
    "app/resources/Default/vu_wifi.svg",
    "app/resources/Uploaded/sphere.metadata.json",
    "app/resources/Uploaded/sphere.pvz",
    "app/resources/Uploaded/widgets.json",
    "app/shared/components/Data.html",
    "app/shared/components/Data.json",
    "app/shared/components/Device.html",
    "app/shared/components/Device.json",
    "app/shared/components/metadata.json",
    "extensions/js/cursors/orbit.cur",
    "extensions/js/cursors/pan.cur",
    "extensions/js/cursors/spin.cur",
    "extensions/js/cursors/zoom.cur",
    "lib/ionic/fonts/ionicons.eot",
    "lib/ionic/fonts/ionicons.svg",
    "lib/ionic/fonts/ionicons.ttf",
    "lib/ionic/fonts/ionicons.woff",
    "lib/ionic/scss/ionic.scss",
    "lib/ionic/scss/make-theme.scss",
    "lib/ionic/scss/_action-sheet.scss",
    "lib/ionic/scss/_animations.scss",
    "lib/ionic/scss/_backdrop.scss",
    "lib/ionic/scss/_badge.scss",
    "lib/ionic/scss/_bar.scss",
    "lib/ionic/scss/_button-bar.scss",
    "lib/ionic/scss/_button.scss",
    "lib/ionic/scss/_checkbox.scss",
    "lib/ionic/scss/_form.scss",
    "lib/ionic/scss/_grid.scss",
    "lib/ionic/scss/_items.scss",
    "lib/ionic/scss/_list.scss",
    "lib/ionic/scss/_loading.scss",
    "lib/ionic/scss/_menu.scss",
    "lib/ionic/scss/_mixins.scss",
    "lib/ionic/scss/_modal.scss",
    "lib/ionic/scss/_platform.scss",
    "lib/ionic/scss/_popover.scss",
    "lib/ionic/scss/_popup.scss",
    "lib/ionic/scss/_progress.scss",
    "lib/ionic/scss/_radio.scss",
    "lib/ionic/scss/_range.scss",
    "lib/ionic/scss/_refresher.scss",
    "lib/ionic/scss/_reset.scss",
    "lib/ionic/scss/_scaffolding.scss",
    "lib/ionic/scss/_select.scss",
    "lib/ionic/scss/_slide-box.scss",
    "lib/ionic/scss/_slides.scss",
    "lib/ionic/scss/_spinner.scss",
    "lib/ionic/scss/_tabs.scss",
    "lib/ionic/scss/_toggle.scss",
    "lib/ionic/scss/_transitions.scss",
    "lib/ionic/scss/_type.scss",
    "lib/ionic/scss/_util.scss",
    "lib/ionic/scss/_variables.scss",
    "lib/ionic/scss/ionicons/ionicons.scss",
    "lib/ionic/scss/ionicons/_ionicons-font.scss",
    "lib/ionic/scss/ionicons/_ionicons-icons.scss",
    "lib/ionic/scss/ionicons/_ionicons-variables.scss"
  ]
}
