{
  "attributes": {
    "twx-widget": "",
    "widget-id": "view-1",
    "widget-name": "view-1",
    "is-widget-container": "true",
    "viewtype": "ar"
  },
  "children": [
    {
      "name": "twx-container-content",
      "children": [
        {
          "attributes": {
            "twx-widget": "",
            "widget-id": "3DContainer-1",
            "widget-name": "3D Container",
            "is-widget-container": "true"
          },
          "name": "twx-dt-view",
          "children": [
            {
              "name": "twx-container-content",
              "children": [
                {
                  "attributes": {
                    "twx-widget": "",
                    "widget-id": "widgetCoe-1",
                    "widget-name": "widgetCoe-1",
                    "completed-expression": "CompletedAction();",
                    "actionid": "WorkInstructionDialog",
                    "width": "300",
                    "height": "400"
                  },
                  "name": "twx-widgetcoe",
                  "children": [
                    {
                      "attributes": {
                        "databind-id": "db-1677528914837",
                        "source-type": "ui",
                        "source-label": "Text Input",
                        "source-name": "textInput-1",
                        "source-item-type": "property",
                        "source-item-name": "text",
                        "binding-type": "widget_property",
                        "from-expression": "app.view['Home'].wdg['textInput-1']['text']",
                        "to-property": "incomingdata"
                      },
                      "name": "twx-databind"
                    }
                  ]
                },
                {
                  "attributes": {
                    "twx-widget": "",
                    "widget-id": "3DImage-1",
                    "widget-name": "3DImage-1",
                    "is-widget-container": "true",
                    "scale": "1.0000",
                    "x": "-0.1805",
                    "y": "0.3147",
                    "z": "-0.1575",
                    "rx": "0.00",
                    "ry": "0.00",
                    "rz": "0.00"
                  },
                  "name": "twx-dt-image",
                  "children": [
                    {
                      "attributes": {
                        "databind-id": "db-1677529051599",
                        "source-type": "ui",
                        "source-label": "Widget COE",
                        "source-name": "widgetCoe-1",
                        "source-item-type": "property",
                        "source-item-name": "outgoingdata",
                        "binding-type": "widget_property",
                        "from-expression": "app.view['Home'].wdg['widgetCoe-1']['outgoingdata']",
                        "to-property": "src"
                      },
                      "name": "twx-databind"
                    },
                    {
                      "name": "twx-container-content",
                      "children": [
                        {
                          "attributes": {
                            "twx-widget": "",
                            "widget-id": "3DLeaderLine-2",
                            "origin-widget-id": "3DImage-1",
                            "global-x": "NaN",
                            "global-y": "NaN",
                            "global-z": "NaN",
                            "knee-joint-length": "0.0494999997317791",
                            "widget-name": "3DLeaderLine-2",
                            "occurrence": "",
                            "x": "NaN",
                            "y": "NaN",
                            "z": "NaN",
                            "rx": "0.00",
                            "ry": "0.00",
                            "rz": "0.00"
                          },
                          "name": "twx-dt-3dleaderline"
                        }
                      ]
                    }
                  ]
                },
                {
                  "attributes": {
                    "twx-widget": "",
                    "widget-id": "model-1",
                    "widget-name": "model-1",
                    "is-widget-container": "true",
                    "x": "-0.1196",
                    "y": "0.0000",
                    "z": "-0.5025"
                  },
                  "name": "twx-dt-model",
                  "children": [
                    {
                      "name": "twx-container-content"
                    }
                  ]
                }
              ]
            }
          ]
        },
        {
          "attributes": {
            "twx-widget": "",
            "widget-id": "2DOverlay-1",
            "widget-name": "2D Overlay",
            "is-widget-container": "true"
          },
          "name": "twx-overlay",
          "children": [
            {
              "name": "twx-container-content",
              "children": [
                {
                  "attributes": {
                    "twx-widget": "",
                    "widget-id": "panel-1",
                    "widget-name": "Top Panel",
                    "is-widget-container": "true",
                    "position": "top"
                  },
                  "name": "twx-overlay-container",
                  "children": [
                    {
                      "name": "twx-container-content",
                      "children": [
                        {
                          "attributes": {
                            "twx-widget": "",
                            "widget-id": "gridLayout-1",
                            "widget-name": "gridLayout-1",
                            "is-widget-container": "true"
                          },
                          "name": "twx-gridlayout",
                          "children": [
                            {
                              "name": "twx-container-content",
                              "children": [
                                {
                                  "attributes": {
                                    "twx-widget": "",
                                    "widget-id": "row-1",
                                    "widget-name": "row-1",
                                    "is-widget-container": "true"
                                  },
                                  "name": "twx-row",
                                  "children": [
                                    {
                                      "name": "twx-container-content",
                                      "children": [
                                        {
                                          "attributes": {
                                            "twx-widget": "",
                                            "widget-id": "column-1",
                                            "widget-name": "column-1",
                                            "is-widget-container": "true"
                                          },
                                          "name": "twx-col",
                                          "children": [
                                            {
                                              "name": "twx-container-content",
                                              "children": [
                                                {
                                                  "attributes": {
                                                    "twx-widget": "",
                                                    "widget-id": "textInput-1",
                                                    "widget-name": "textInput-1",
                                                    "placeholder": "Enter Text",
                                                    "label": "Input Label"
                                                  },
                                                  "name": "twx-text-input"
                                                }
                                              ]
                                            }
                                          ]
                                        },
                                        {
                                          "attributes": {
                                            "twx-widget": "",
                                            "widget-id": "column-2",
                                            "widget-name": "column-2",
                                            "is-widget-container": "true",
                                            "alignment": "flex-end"
                                          },
                                          "name": "twx-col",
                                          "children": [
                                            {
                                              "name": "twx-container-content",
                                              "children": [
                                                {
                                                  "attributes": {
                                                    "twx-widget": "",
                                                    "widget-id": "button-1",
                                                    "widget-name": "button-1",
                                                    "text": "Do Action"
                                                  },
                                                  "name": "twx-button",
                                                  "children": [
                                                    {
                                                      "attributes": {
                                                        "eventbind-id": "eb-1677529594485",
                                                        "source-type": "widget",
                                                        "source-label": "Button",
                                                        "source-name": "button-1",
                                                        "source-event": "click",
                                                        "handler-type": "ui",
                                                        "handler-name": "widgetCoe-1",
                                                        "handler-service": "start",
                                                        "handler-path": "app.view[\"Home\"].wdg[\"widgetCoe-1\"].svc.start"
                                                      },
                                                      "name": "twx-eventbind"
                                                    }
                                                  ]
                                                }
                                              ]
                                            }
                                          ]
                                        }
                                      ]
                                    }
                                  ]
                                }
                              ]
                            }
                          ]
                        }
                      ]
                    }
                  ]
                },
                {
                  "attributes": {
                    "twx-widget": "",
                    "widget-id": "2DOverlayBody-1",
                    "widget-name": "2D Body",
                    "is-widget-container": "true"
                  },
                  "name": "twx-overlay-body",
                  "children": [
                    {
                      "name": "twx-container-content",
                      "children": [
                        {
                          "attributes": {
                            "twx-widget": "",
                            "widget-id": "panel-2",
                            "widget-name": "Left Panel",
                            "is-widget-container": "true",
                            "position": "left"
                          },
                          "name": "twx-overlay-container",
                          "children": [
                            {
                              "name": "twx-container-content"
                            }
                          ]
                        },
                        {
                          "attributes": {
                            "twx-widget": "",
                            "widget-id": "panel-3",
                            "widget-name": "Center Panel",
                            "is-widget-container": "true",
                            "position": "center"
                          },
                          "name": "twx-overlay-container",
                          "children": [
                            {
                              "name": "twx-container-content"
                            }
                          ]
                        },
                        {
                          "attributes": {
                            "twx-widget": "",
                            "widget-id": "panel-4",
                            "widget-name": "Right Panel",
                            "is-widget-container": "true",
                            "position": "right"
                          },
                          "name": "twx-overlay-container",
                          "children": [
                            {
                              "name": "twx-container-content"
                            }
                          ]
                        }
                      ]
                    }
                  ]
                },
                {
                  "attributes": {
                    "twx-widget": "",
                    "widget-id": "panel-5",
                    "widget-name": "Bottom Panel",
                    "is-widget-container": "true",
                    "position": "bottom"
                  },
                  "name": "twx-overlay-container",
                  "children": [
                    {
                      "name": "twx-container-content"
                    }
                  ]
                }
              ]
            }
          ]
        }
      ]
    },
    {
      "name": "twx-fragment-parameters"
    },
    {
      "name": "twx-view-data"
    }
  ],
  "name": "twx-view"
}
