{
  "attributes": {
    "twx-widget": "",
    "widget-id": "view-1",
    "widget-name": "view-1",
    "is-widget-container": "true",
    "viewtype": "ar"
  },
  "children": [
    {
      "name": "twx-container-content",
      "children": [
        {
          "attributes": {
            "twx-widget": "",
            "widget-id": "3DContainer-1",
            "widget-name": "3D Container",
            "is-widget-container": "true",
            "dropshadow": "true"
          },
          "name": "twx-dt-view",
          "children": [
            {
              "name": "twx-container-content",
              "children": [
                {
                  "attributes": {
                    "twx-widget": "",
                    "widget-id": "spatialTarget-1",
                    "widget-name": "spatialTarget-1",
                    "rx": "-90"
                  },
                  "name": "twx-dt-target-spatial"
                },
                {
                  "attributes": {
                    "twx-widget": "",
                    "widget-id": "widgetCoe-1",
                    "widget-name": "widgetCoe-1",
                    "actionid": "RegisterWidgets",
                    "autolaunch": "true"
                  },
                  "name": "twx-widgetcoe"
                },
                {
                  "attributes": {
                    "twx-widget": "",
                    "widget-id": "3DButton-1",
                    "widget-name": "3DButton-1",
                    "click-expression": "BuildWidgets();",
                    "text": "Button",
                    "x": "-0.0857",
                    "y": "1.0192",
                    "z": "0.2237",
                    "rx": "0.00",
                    "ry": "0.00",
                    "rz": "0.00"
                  },
                  "name": "twx-dt-3dbutton",
                  "children": [
                    {
                      "attributes": {
                        "eventbind-id": "eb-1707257124297",
                        "source-type": "widget",
                        "source-label": "3D Button",
                        "source-name": "3DButton-1",
                        "source-event": "click",
                        "handler-type": "ui",
                        "handler-name": "widgetCoe-1",
                        "handler-service": "start",
                        "handler-path": "app.view[\"Home\"].wdg[\"widgetCoe-1\"].svc.start"
                      },
                      "name": "twx-eventbind"
                    }
                  ]
                },
                {
                  "attributes": {
                    "twx-widget": "",
                    "widget-id": "model-1",
                    "widget-name": "model-1",
                    "is-widget-container": "true",
                    "src": "Uploaded/sphere.pvz",
                    "x": "-1.375",
                    "y": "0.01269999984651804",
                    "z": "-0.35199999809265137"
                  },
                  "name": "twx-dt-model",
                  "children": [
                    {
                      "name": "twx-container-content"
                    }
                  ]
                }
              ]
            }
          ]
        }
      ]
    },
    {
      "name": "twx-view-data"
    }
  ],
  "name": "twx-view"
}
