{"/":{"":{"Adapter_name":"proepview","Adapter_platform":"x86e_win64","Adapter_version":"parametric3_M090 Creo 3.1 - A000 (13.3.65535.65535)","Source_file_name":"sphere.prt.1"},"PROE Parameters":{"DESCRIPTION":"","MODELED_BY":""},"__PV_SystemProperties":{"Child Count":"0","Component Name":"SPHERE.PRT","Display Name":"SPHERE.PRT","Model Extents (mm)":"25.4","OL File Name":"sphere.ol","Part Depth":"1","Part ID Path":"/","Part Name":"SPHERE.PRT","Part Path":"SPHERE.PRT"},"__StructureProperties":{"Bounds":{"min":[-0.01269999984651804,-0.01269999984651804,-0.012517307884991169],"max":[0.01269999984651804,0.01269999984651804,0.012517307884991169]},"Location":[1,0,0,0,0,1,0,0,0,0,1,0,0,0,0,1]}}}
