{

    "widgets": [
        {"model" : "sphere01" , "src": "sphere.pvz" , "x": "0", "y": "1.05", "z": "0"},
        {"model" : "sphere02" , "src": "sphere.pvz" , "x": "0.02", "y": "1.05", "z": "0"},
        {"model" : "sphere03" , "src": "sphere.pvz" , "x": "0.04", "y": "1.05", "z": "0"},
        {"model" : "sphere04" , "src": "sphere.pvz" , "x": "0.06", "y": "1.05", "z": "0"},
        {"model" : "sphere05" , "src": "sphere.pvz" , "x": "0.08", "y": "1.05", "z": "0"},
        {"model" : "sphere06" , "src": "sphere.pvz" , "x": "0.10", "y": "1.05", "z": "0"},
        {"model" : "sphere07" , "src": "sphere.pvz" , "x": "0.12", "y": "1.05", "z": "0"},
        {"model" : "sphere08" , "src": "sphere.pvz" , "x": "0.14", "y": "1.05", "z": "0"},
        {"model" : "sphere09" , "src": "sphere.pvz" , "x": "0.16", "y": "1.05", "z": "0"},
        {"model" : "sphere10" , "src": "sphere.pvz" , "x": "0.18", "y": "1.05", "z": "0"},
        {"model" : "sphere11" , "src": "sphere.pvz" , "x": "0", "y": "1.1", "z": "0"},
        {"model" : "sphere12" , "src": "sphere.pvz" , "x": "0.02", "y": "1.1", "z": "0"},
        {"model" : "sphere13" , "src": "sphere.pvz" , "x": "0.04", "y": "1.1", "z": "0"},
        {"model" : "sphere14" , "src": "sphere.pvz" , "x": "0.06", "y": "1.1", "z": "0"},
        {"model" : "sphere15" , "src": "sphere.pvz" , "x": "0.08", "y": "1.1", "z": "0"},
        {"model" : "sphere16" , "src": "sphere.pvz" , "x": "0.10", "y": "1.1", "z": "0"},
        {"model" : "sphere17" , "src": "sphere.pvz" , "x": "0.12", "y": "1.1", "z": "0"},
        {"model" : "sphere18" , "src": "sphere.pvz" , "x": "0.14", "y": "1.1", "z": "0"},
        {"model" : "sphere19" , "src": "sphere.pvz" , "x": "0.16", "y": "1.1", "z": "0"},
        {"model" : "sphere20" , "src": "sphere.pvz" , "x": "0.18", "y": "1.1", "z": "0"}
    ]
    


}